ID,Phyla
pmh,Cyanobacteria
pma,Cyanobacteria
cyb,Cyanobacteria
syc,Cyanobacteria
cya,Cyanobacteria
tel,Cyanobacteria
sye,Cyanobacteria
syw,Cyanobacteria
syd,Cyanobacteria
ava,Cyanobacteria
gvi,Cyanobacteria
pmt,Cyanobacteria
ter,Cyanobacteria
ana,Cyanobacteria
npu,Cyanobacteria
syr,Cyanobacteria
pmi,Cyanobacteria
naz,Cyanobacteria
syg,Cyanobacteria
pmn,Cyanobacteria
pmm,Cyanobacteria
tma,Thermotogae
trq,Thermotogae
fno,Thermotogae
tpt,Thermotogae
tme,Thermotogae
kol,Thermotogae
mfl,Tenericutes
maa,Tenericutes
mpe,Tenericutes
mlc,Tenericutes
mfm,Tenericutes
mmy,Tenericutes
mpn,Tenericutes
mss,Tenericutes
mcd,Tenericutes
mha,Tenericutes
mge,Tenericutes
mho,Tenericutes
mhy,Tenericutes
mcp,Tenericutes
ayw,Tenericutes
mmo,Tenericutes
mhj,Tenericutes
mga,Tenericutes
uur,Tenericutes
mbv,Tenericutes
poy,Tenericutes
uue,Tenericutes
mpu,Tenericutes
msy,Tenericutes
pal,Tenericutes
mat,Tenericutes
mco,Tenericutes
msk,Tenericutes
pml,Tenericutes
mhp,Tenericutes
mrb,Thermi
tra,Thermi
msv,Thermi
dpt,Thermi
ttj,Thermi
dmr,Thermi
ddr,Thermi
dge,Thermi
opr,Thermi
dra,Thermi
tsc,Thermi
tth,Thermi
siy,Crenarchaeota
sso,Crenarchaeota
csy,Crenarchaeota
tag,Crenarchaeota
dmu,Crenarchaeota
iho,Crenarchaeota
syn,Crenarchaeota
sai,Crenarchaeota
syf,Crenarchaeota
pas,Crenarchaeota
rhi,Crenarchaeota
shc,Crenarchaeota
asc,Crenarchaeota
sto,Crenarchaeota
sid,Crenarchaeota
sia,Crenarchaeota
sis,Crenarchaeota
pai,Crenarchaeota
sim,Crenarchaeota
shm,Crenarchaeota
vmo,Crenarchaeota
ape,Crenarchaeota
gvg,Crenarchaeota
sin,Crenarchaeota
mse,Crenarchaeota
pto,Euryarchaeota
mbu,Euryarchaeota
ton,Euryarchaeota
mja,Euryarchaeota
mmz,Euryarchaeota
nph,Euryarchaeota
mka,Euryarchaeota
mma,Euryarchaeota
mac,Euryarchaeota
rci,Euryarchaeota
tvo,Euryarchaeota
mel,Euryarchaeota
tga,Euryarchaeota
hla,Euryarchaeota
hje,Euryarchaeota
tba,Euryarchaeota
mev,Euryarchaeota
mmh,Euryarchaeota
mvn,Euryarchaeota
abi,Euryarchaeota
pho,Euryarchaeota
mvu,Euryarchaeota
hma,Euryarchaeota
tsi,Euryarchaeota
mst,Euryarchaeota
mmp,Euryarchaeota
mif,Euryarchaeota
nmg,Euryarchaeota
mfs,Euryarchaeota
mvo,Euryarchaeota
msi,Euryarchaeota
mth,Euryarchaeota
mfv,Euryarchaeota
hbo,Euryarchaeota
mbn,Euryarchaeota
tac,Euryarchaeota
mba,Euryarchaeota
mhu,Euryarchaeota
mae,Euryarchaeota
hvo,Euryarchaeota
tko,Euryarchaeota
pab,Euryarchaeota
pfu,Euryarchaeota
afu,Euryarchaeota
hwa,Euryarchaeota
hal,Euryarchaeota
cac,Firmicutes
saw,Firmicutes
sae,Firmicutes
lla,Firmicutes
lam,Firmicutes
gym,Firmicutes
lsl,Firmicutes
bmq,Firmicutes
ser,Firmicutes
slg,Firmicutes
bce,Firmicutes
clj,Firmicutes
dsy,Firmicutes
lde,Firmicutes
lsa,Firmicutes
lre,Firmicutes
btb,Firmicutes
sth,Firmicutes
saa,Firmicutes
gya,Firmicutes
sac,Firmicutes
sep,Firmicutes
sjj,Firmicutes
ate,Firmicutes
cbf,Firmicutes
bse,Firmicutes
cbi,Firmicutes
ssi,Firmicutes
sps,Firmicutes
spn,Firmicutes
sca,Firmicutes
stl,Firmicutes
clo,Firmicutes
sar,Firmicutes
ooe,Firmicutes
sgo,Firmicutes
sao,Firmicutes
oih,Firmicutes
bbe,Firmicutes
spf,Firmicutes
lca,Firmicutes
nth,Firmicutes
lfe,Firmicutes
spz,Firmicutes
lmf,Firmicutes
sak,Firmicutes
sas,Firmicutes
bmd,Firmicutes
spp,Firmicutes
tbo,Firmicutes
lmo,Firmicutes
ckl,Firmicutes
tit,Firmicutes
bts,Firmicutes
sau,Firmicutes
chd,Firmicutes
sds,Firmicutes
lki,Firmicutes
bal,Firmicutes
smu,Firmicutes
lme,Firmicutes
bcx,Firmicutes
ssd,Firmicutes
spa,Firmicutes
bcz,Firmicutes
lin,Firmicutes
sss,Firmicutes
tmt,Firmicutes
gct,Firmicutes
spk,Firmicutes
lgs,Firmicutes
spy,Firmicutes
bld,Firmicutes
saj,Firmicutes
spr,Firmicutes
vpr,Firmicutes
sav,Firmicutes
bay,Firmicutes
bpu,Firmicutes
bae,Firmicutes
ckn,Firmicutes
cki,Firmicutes
bsn,Firmicutes
ban,Firmicutes
spm,Firmicutes
bco,Firmicutes
gyc,Firmicutes
lcr,Firmicutes
amt,Firmicutes
lbr,Firmicutes
eha,Firmicutes
ere,Firmicutes
ssp,Firmicutes
cbh,Firmicutes
afl,Firmicutes
lcb,Firmicutes
bca,Firmicutes
cbt,Firmicutes
lmc,Firmicutes
tte,Firmicutes
stc,Firmicutes
eel,Firmicutes
ldb,Firmicutes
gmc,Firmicutes
lga,Firmicutes
ssv,Firmicutes
ssb,Firmicutes
cbk,Firmicutes
spi,Firmicutes
lpj,Firmicutes
bli,Firmicutes
ctc,Firmicutes
snc,Firmicutes
gka,Firmicutes
cst,Firmicutes
sez,Firmicutes
lsg,Firmicutes
bai,Firmicutes
ppm,Firmicutes
sam,Firmicutes
sph,Firmicutes
sab,Firmicutes
has,Firmicutes
apr,Firmicutes
pth,Firmicutes
ppe,Firmicutes
cby,Firmicutes
slp,Firmicutes
spx,Firmicutes
ljf,Firmicutes
bcy,Firmicutes
cpo,Firmicutes
seu,Firmicutes
san,Firmicutes
lrf,Firmicutes
cbo,Firmicutes
cpf,Firmicutes
cbe,Firmicutes
cba,Firmicutes
lac,Firmicutes
lpl,Firmicutes
spj,Firmicutes
bsu,Firmicutes
bcq,Firmicutes
elm,Firmicutes
bar,Firmicutes
bat,Firmicutes
sha,Firmicutes
btk,Firmicutes
smc,Firmicutes
ssu,Firmicutes
chy,Firmicutes
sad,Firmicutes
snm,Firmicutes
mta,Firmicutes
csc,Firmicutes
lcz,Firmicutes
bah,Firmicutes
ral,Firmicutes
bcl,Firmicutes
soz,Firmicutes
snt,Firmicutes
ljo,Firmicutes
tjr,Firmicutes
sag,Firmicutes
swo,Firmicutes
seq,Firmicutes
cpr,Firmicutes
cpe,Firmicutes
sah,Firmicutes
cow,Firmicutes
lai,Firmicutes
gwc,Firmicutes
spb,Firmicutes
spg,Firmicutes
bha,Firmicutes
eat,Firmicutes
sgy,Firmicutes
wvi,Bacteroidetes
mtt,Bacteroidetes
osp,Bacteroidetes
pgi,Bacteroidetes
aas,Bacteroidetes
zpr,Bacteroidetes
srm,Bacteroidetes
psn,Bacteroidetes
pgn,Bacteroidetes
sms,Bacteroidetes
bhl,Bacteroidetes
aps,Bacteroidetes
pdi,Bacteroidetes
cpi,Bacteroidetes
smh,Bacteroidetes
cat,Bacteroidetes
fjo,Bacteroidetes
bsa,Bacteroidetes
sru,Bacteroidetes
fba,Bacteroidetes
rmr,Bacteroidetes
fps,Bacteroidetes
pru,Bacteroidetes
cao,Bacteroidetes
ppn,Bacteroidetes
bfr,Bacteroidetes
coc,Bacteroidetes
ran,Bacteroidetes
pmz,Bacteroidetes
bvu,Bacteroidetes
bth,Bacteroidetes
bfs,Bacteroidetes
cly,Bacteroidetes
chu,Bacteroidetes
deh,Chloroflexi
dly,Chloroflexi
det,Chloroflexi
chl,Chloroflexi
sti,Chloroflexi
rca,Chloroflexi
atm,Chloroflexi
rrs,Chloroflexi
deb,Chloroflexi
deg,Chloroflexi
tpr,Actinobacteria
rer,Actinobacteria
mil,Actinobacteria
ckp,Actinobacteria
scb,Actinobacteria
blc,Actinobacteria
cmi,Actinobacteria
tfu,Actinobacteria
rha,Actinobacteria
fal,Actinobacteria
blm,Actinobacteria
ami,Actinobacteria
nda,Actinobacteria
cfl,Actinobacteria
cgt,Actinobacteria
twh,Actinobacteria
mcu,Actinobacteria
car,Actinobacteria
mra,Actinobacteria
srt,Actinobacteria
msp,Actinobacteria
cgb,Actinobacteria
stp,Actinobacteria
bln,Actinobacteria
req,Actinobacteria
tws,Actinobacteria
blt,Actinobacteria
ica,Actinobacteria
cdi,Actinobacteria
gbr,Actinobacteria
mgi,Actinobacteria
rdn,Actinobacteria
tcu,Actinobacteria
blb,Actinobacteria
mtb,Actinobacteria
pfr,Actinobacteria
bcv,Actinobacteria
fri,Actinobacteria
rxy,Actinobacteria
mpa,Actinobacteria
mts,Actinobacteria
ahe,Actinobacteria
blj,Actinobacteria
ccu,Actinobacteria
ols,Actinobacteria
bfa,Actinobacteria
rop,Actinobacteria
amd,Actinobacteria
mmc,Actinobacteria
mle,Actinobacteria
sco,Actinobacteria
nfa,Actinobacteria
cef,Actinobacteria
mtf,Actinobacteria
apn,Actinobacteria
cpu,Actinobacteria
mtu,Actinobacteria
pac,Actinobacteria
bbp,Actinobacteria
cgl,Actinobacteria
kra,Actinobacteria
mal,Actinobacteria
mbo,Actinobacteria
blo,Actinobacteria
tbi,Actinobacteria
bbi,Actinobacteria
blf,Actinobacteria
afo,Actinobacteria
syx,Actinobacteria
cjk,Actinobacteria
mlu,Actinobacteria
sma,Actinobacteria
krh,Actinobacteria
sna,Actinobacteria
pak,Actinobacteria
fra,Actinobacteria
ske,Actinobacteria
lxx,Actinobacteria
mtc,Actinobacteria
mmi,Actinobacteria
mbt,Actinobacteria
bll,Actinobacteria
abn,Spirochaetes
abn,Proteobacteria
hin,Spirochaetes
hin,Proteobacteria
bxe,Spirochaetes
bxe,Proteobacteria
bgl,Spirochaetes
bgl,Proteobacteria
nwi,Spirochaetes
nwi,Proteobacteria
hdu,Spirochaetes
hdu,Proteobacteria
gem,Spirochaetes
gem,Proteobacteria
cla,Spirochaetes
cla,Proteobacteria
pat,Spirochaetes
pat,Proteobacteria
brm,Spirochaetes
brm,Proteobacteria
ecl,Spirochaetes
ecl,Proteobacteria
tdn,Spirochaetes
tdn,Proteobacteria
axy,Spirochaetes
axy,Proteobacteria
pcr,Spirochaetes
pcr,Proteobacteria
hit,Spirochaetes
hit,Proteobacteria
dno,Spirochaetes
dno,Proteobacteria
ecy,Spirochaetes
ecy,Proteobacteria
rec,Spirochaetes
rec,Proteobacteria
hci,Spirochaetes
hci,Proteobacteria
vex,Spirochaetes
vex,Proteobacteria
sbu,Spirochaetes
sbu,Proteobacteria
zmo,Spirochaetes
zmo,Proteobacteria
mea,Spirochaetes
mea,Proteobacteria
ypp,Spirochaetes
ypp,Proteobacteria
spt,Spirochaetes
spt,Proteobacteria
sme,Spirochaetes
sme,Proteobacteria
vcm,Spirochaetes
vcm,Proteobacteria
ret,Spirochaetes
ret,Proteobacteria
crp,Spirochaetes
crp,Proteobacteria
ngk,Spirochaetes
ngk,Proteobacteria
abu,Spirochaetes
abu,Proteobacteria
afe,Spirochaetes
afe,Proteobacteria
cti,Spirochaetes
cti,Proteobacteria
kpn,Spirochaetes
kpn,Proteobacteria
erw,Spirochaetes
erw,Proteobacteria
hfe,Spirochaetes
hfe,Proteobacteria
asa,Spirochaetes
asa,Proteobacteria
pub,Spirochaetes
pub,Proteobacteria
bme,Spirochaetes
bme,Proteobacteria
mei,Spirochaetes
mei,Proteobacteria
hoh,Spirochaetes
hoh,Proteobacteria
sbm,Spirochaetes
sbm,Proteobacteria
meh,Spirochaetes
meh,Proteobacteria
ots,Spirochaetes
ots,Proteobacteria
sse,Spirochaetes
sse,Proteobacteria
bqu,Spirochaetes
bqu,Proteobacteria
cha,Spirochaetes
cha,Proteobacteria
xca,Spirochaetes
xca,Proteobacteria
bpe,Spirochaetes
bpe,Proteobacteria
nsa,Spirochaetes
nsa,Proteobacteria
bdu,Spirochaetes
bdu,Proteobacteria
sjp,Spirochaetes
sjp,Proteobacteria
xop,Spirochaetes
xop,Proteobacteria
gox,Spirochaetes
gox,Proteobacteria
ebd,Spirochaetes
ebd,Proteobacteria
tcx,Spirochaetes
tcx,Proteobacteria
rbo,Spirochaetes
rbo,Proteobacteria
fth,Spirochaetes
fth,Proteobacteria
gbe,Spirochaetes
gbe,Proteobacteria
hil,Spirochaetes
hil,Proteobacteria
ngo,Spirochaetes
ngo,Proteobacteria
pfl,Spirochaetes
pfl,Proteobacteria
vpe,Spirochaetes
vpe,Proteobacteria
ttu,Spirochaetes
ttu,Proteobacteria
bra,Spirochaetes
bra,Proteobacteria
tau,Spirochaetes
tau,Proteobacteria
wsu,Spirochaetes
wsu,Proteobacteria
kpe,Spirochaetes
kpe,Proteobacteria
bhe,Spirochaetes
bhe,Proteobacteria
mmw,Spirochaetes
mmw,Proteobacteria
rah,Spirochaetes
rah,Proteobacteria
ank,Spirochaetes
ank,Proteobacteria
mag,Spirochaetes
mag,Proteobacteria
tbd,Spirochaetes
tbd,Proteobacteria
lbf,Spirochaetes
lbf,Proteobacteria
brh,Spirochaetes
brh,Proteobacteria
vco,Spirochaetes
vco,Proteobacteria
zmn,Spirochaetes
zmn,Proteobacteria
bre,Spirochaetes
bre,Proteobacteria
vvy,Spirochaetes
vvy,Proteobacteria
pmy,Spirochaetes
pmy,Proteobacteria
wri,Spirochaetes
wri,Proteobacteria
yps,Spirochaetes
yps,Proteobacteria
ctt,Spirochaetes
ctt,Proteobacteria
ebw,Spirochaetes
ebw,Proteobacteria
lic,Spirochaetes
lic,Proteobacteria
oca,Spirochaetes
oca,Proteobacteria
pae,Spirochaetes
pae,Proteobacteria
reu,Spirochaetes
reu,Proteobacteria
fta,Spirochaetes
fta,Proteobacteria
bhr,Spirochaetes
bhr,Proteobacteria
abc,Spirochaetes
abc,Proteobacteria
ftf,Spirochaetes
ftf,Proteobacteria
msu,Spirochaetes
msu,Proteobacteria
ype,Spirochaetes
ype,Proteobacteria
nla,Spirochaetes
nla,Proteobacteria
ypi,Spirochaetes
ypi,Proteobacteria
hhe,Spirochaetes
hhe,Proteobacteria
ftm,Spirochaetes
ftm,Proteobacteria
lil,Spirochaetes
lil,Proteobacteria
abo,Spirochaetes
abo,Proteobacteria
sfv,Spirochaetes
sfv,Proteobacteria
rle,Spirochaetes
rle,Proteobacteria
ece,Spirochaetes
ece,Proteobacteria
sdy,Spirochaetes
sdy,Proteobacteria
dia,Spirochaetes
dia,Proteobacteria
net,Spirochaetes
net,Proteobacteria
eru,Spirochaetes
eru,Proteobacteria
rlg,Spirochaetes
rlg,Proteobacteria
pao,Spirochaetes
pao,Proteobacteria
nit,Spirochaetes
nit,Proteobacteria
gsu,Spirochaetes
gsu,Proteobacteria
hdn,Spirochaetes
hdn,Proteobacteria
llo,Spirochaetes
llo,Proteobacteria
eci,Spirochaetes
eci,Proteobacteria
ech,Spirochaetes
ech,Proteobacteria
pmr,Spirochaetes
pmr,Proteobacteria
cko,Spirochaetes
cko,Proteobacteria
ftu,Spirochaetes
ftu,Proteobacteria
ent,Spirochaetes
ent,Proteobacteria
mep,Spirochaetes
mep,Proteobacteria
mes,Spirochaetes
mes,Proteobacteria
mmr,Spirochaetes
mmr,Proteobacteria
see,Spirochaetes
see,Proteobacteria
afw,Spirochaetes
afw,Proteobacteria
lpf,Spirochaetes
lpf,Proteobacteria
ecx,Spirochaetes
ecx,Proteobacteria
sil,Spirochaetes
sil,Proteobacteria
lpa,Spirochaetes
lpa,Proteobacteria
vha,Spirochaetes
vha,Proteobacteria
rde,Spirochaetes
rde,Proteobacteria
dba,Spirochaetes
dba,Proteobacteria
lip,Spirochaetes
lip,Proteobacteria
asu,Spirochaetes
asu,Proteobacteria
rpc,Spirochaetes
rpc,Proteobacteria
tpa,Spirochaetes
tpa,Proteobacteria
xft,Spirochaetes
xft,Proteobacteria
nha,Spirochaetes
nha,Proteobacteria
dat,Spirochaetes
dat,Proteobacteria
hse,Spirochaetes
hse,Proteobacteria
smt,Spirochaetes
smt,Proteobacteria
bbt,Spirochaetes
bbt,Proteobacteria
bbr,Spirochaetes
bbr,Proteobacteria
dps,Spirochaetes
dps,Proteobacteria
xcb,Spirochaetes
xcb,Proteobacteria
rru,Spirochaetes
rru,Proteobacteria
vfm,Spirochaetes
vfm,Proteobacteria
neu,Spirochaetes
neu,Proteobacteria
vfi,Spirochaetes
vfi,Proteobacteria
cse,Spirochaetes
cse,Proteobacteria
lhk,Spirochaetes
lhk,Proteobacteria
psm,Spirochaetes
psm,Proteobacteria
bmj,Spirochaetes
bmj,Proteobacteria
pmu,Spirochaetes
pmu,Proteobacteria
sgl,Spirochaetes
sgl,Proteobacteria
nwa,Spirochaetes
nwa,Proteobacteria
spe,Spirochaetes
spe,Proteobacteria
apb,Spirochaetes
apb,Proteobacteria
ssm,Spirochaetes
ssm,Proteobacteria
rsp,Spirochaetes
rsp,Proteobacteria
apa,Spirochaetes
apa,Proteobacteria
ssn,Spirochaetes
ssn,Proteobacteria
seg,Spirochaetes
seg,Proteobacteria
hif,Spirochaetes
hif,Proteobacteria
nse,Spirochaetes
nse,Proteobacteria
ott,Spirochaetes
ott,Proteobacteria
stm,Spirochaetes
stm,Proteobacteria
bpa,Spirochaetes
bpa,Proteobacteria
ant,Spirochaetes
ant,Proteobacteria
sdn,Spirochaetes
sdn,Proteobacteria
sed,Spirochaetes
sed,Proteobacteria
rfr,Spirochaetes
rfr,Proteobacteria
teq,Spirochaetes
teq,Proteobacteria
mpo,Spirochaetes
mpo,Proteobacteria
aap,Spirochaetes
aap,Proteobacteria
bba,Spirochaetes
bba,Proteobacteria
sty,Spirochaetes
sty,Proteobacteria
bpn,Spirochaetes
bpn,Proteobacteria
mmb,Spirochaetes
mmb,Proteobacteria
gbm,Spirochaetes
gbm,Proteobacteria
bpr,Spirochaetes
bpr,Proteobacteria
rbe,Spirochaetes
rbe,Proteobacteria
dar,Spirochaetes
dar,Proteobacteria
pfo,Spirochaetes
pfo,Proteobacteria
sal,Spirochaetes
sal,Proteobacteria
pfs,Spirochaetes
pfs,Proteobacteria
kpu,Spirochaetes
kpu,Proteobacteria
rsl,Spirochaetes
rsl,Proteobacteria
rme,Spirochaetes
rme,Proteobacteria
aeh,Spirochaetes
aeh,Proteobacteria
rak,Spirochaetes
rak,Proteobacteria
bam,Spirochaetes
bam,Proteobacteria
avi,Spirochaetes
avi,Proteobacteria
csa,Spirochaetes
csa,Proteobacteria
mdi,Spirochaetes
mdi,Proteobacteria
btu,Spirochaetes
btu,Proteobacteria
lso,Spirochaetes
lso,Proteobacteria
erg,Spirochaetes
erg,Proteobacteria
eba,Spirochaetes
eba,Proteobacteria
cjn,Spirochaetes
cjn,Proteobacteria
lbl,Spirochaetes
lbl,Proteobacteria
ebi,Spirochaetes
ebi,Proteobacteria
sat,Spirochaetes
sat,Proteobacteria
bte,Spirochaetes
bte,Proteobacteria
cje,Spirochaetes
cje,Proteobacteria
mci,Spirochaetes
mci,Proteobacteria
sec,Spirochaetes
sec,Proteobacteria
ebr,Spirochaetes
ebr,Proteobacteria
hpp,Spirochaetes
hpp,Proteobacteria
cjr,Spirochaetes
cjr,Proteobacteria
sek,Spirochaetes
sek,Proteobacteria
ypa,Spirochaetes
ypa,Proteobacteria
bph,Spirochaetes
bph,Proteobacteria
seh,Spirochaetes
seh,Proteobacteria
sei,Spirochaetes
sei,Proteobacteria
wol,Spirochaetes
wol,Proteobacteria
xcv,Spirochaetes
xcv,Proteobacteria
nmu,Spirochaetes
nmu,Proteobacteria
hch,Spirochaetes
hch,Proteobacteria
hde,Spirochaetes
hde,Proteobacteria
sew,Spirochaetes
sew,Proteobacteria
ftl,Spirochaetes
ftl,Proteobacteria
hso,Spirochaetes
hso,Proteobacteria
spc,Spirochaetes
spc,Proteobacteria
ecf,Spirochaetes
ecf,Proteobacteria
etw,Spirochaetes
etw,Proteobacteria
ecc,Spirochaetes
ecc,Proteobacteria
eca,Spirochaetes
eca,Proteobacteria
enc,Spirochaetes
enc,Proteobacteria
sit,Spirochaetes
sit,Proteobacteria
ecn,Spirochaetes
ecn,Proteobacteria
nmi,Spirochaetes
nmi,Proteobacteria
bga,Spirochaetes
bga,Proteobacteria
xfn,Spirochaetes
xfn,Proteobacteria
ecj,Spirochaetes
ecj,Proteobacteria
bug,Spirochaetes
bug,Proteobacteria
xcc,Spirochaetes
xcc,Proteobacteria
ecw,Spirochaetes
ecw,Proteobacteria
cco,Spirochaetes
cco,Proteobacteria
ypz,Spirochaetes
ypz,Proteobacteria
ecs,Spirochaetes
ecs,Proteobacteria
lpp,Spirochaetes
lpp,Proteobacteria
rlt,Spirochaetes
rlt,Proteobacteria
rpe,Spirochaetes
rpe,Proteobacteria
pct,Spirochaetes
pct,Proteobacteria
sun,Spirochaetes
sun,Proteobacteria
rpi,Spirochaetes
rpi,Proteobacteria
lpc,Spirochaetes
lpc,Proteobacteria
sdl,Spirochaetes
sdl,Proteobacteria
dvu,Spirochaetes
dvu,Proteobacteria
swi,Spirochaetes
swi,Proteobacteria
stt,Spirochaetes
stt,Proteobacteria
tin,Spirochaetes
tin,Proteobacteria
ppf,Spirochaetes
ppf,Proteobacteria
sno,Spirochaetes
sno,Proteobacteria
xau,Spirochaetes
xau,Proteobacteria
ypb,Spirochaetes
ypb,Proteobacteria
eli,Spirochaetes
eli,Proteobacteria
dbr,Spirochaetes
dbr,Proteobacteria
rty,Spirochaetes
rty,Proteobacteria
cvi,Spirochaetes
cvi,Proteobacteria
bbu,Spirochaetes
bbu,Proteobacteria
ppr,Spirochaetes
ppr,Proteobacteria
gme,Spirochaetes
gme,Proteobacteria
bfl,Spirochaetes
bfl,Proteobacteria
las,Spirochaetes
las,Proteobacteria
bmb,Spirochaetes
bmb,Proteobacteria
sur,Spirochaetes
sur,Proteobacteria
hip,Spirochaetes
hip,Proteobacteria
rso,Spirochaetes
rso,Proteobacteria
ecp,Spirochaetes
ecp,Proteobacteria
rcp,Spirochaetes
rcp,Proteobacteria
rcm,Spirochaetes
rcm,Proteobacteria
ama,Spirochaetes
ama,Proteobacteria
bva,Spirochaetes
bva,Proteobacteria
rsc,Spirochaetes
rsc,Proteobacteria
bmi,Spirochaetes
bmi,Proteobacteria
mca,Spirochaetes
mca,Proteobacteria
hms,Spirochaetes
hms,Proteobacteria
bmr,Spirochaetes
bmr,Proteobacteria
geb,Spirochaetes
geb,Proteobacteria
rsq,Spirochaetes
rsq,Proteobacteria
bur,Spirochaetes
bur,Proteobacteria
psp,Spirochaetes
psp,Proteobacteria
eay,Spirochaetes
eay,Proteobacteria
xoo,Spirochaetes
xoo,Proteobacteria
pst,Spirochaetes
pst,Proteobacteria
psu,Spirochaetes
psu,Proteobacteria
esc,Spirochaetes
esc,Proteobacteria
buc,Spirochaetes
buc,Proteobacteria
esa,Spirochaetes
esa,Proteobacteria
pca,Spirochaetes
pca,Proteobacteria
bav,Spirochaetes
bav,Proteobacteria
xac,Spirochaetes
xac,Proteobacteria
slt,Spirochaetes
slt,Proteobacteria
glo,Spirochaetes
glo,Proteobacteria
aph,Spirochaetes
aph,Proteobacteria
dpr,Spirochaetes
dpr,Proteobacteria
hpa,Spirochaetes
hpa,Proteobacteria
dak,Spirochaetes
dak,Proteobacteria
ypm,Spirochaetes
ypm,Proteobacteria
bcd,Spirochaetes
bcd,Proteobacteria
sfx,Spirochaetes
sfx,Proteobacteria
baf,Spirochaetes
baf,Proteobacteria
das,Spirochaetes
das,Proteobacteria
bpy,Spirochaetes
bpy,Proteobacteria
bas,Spirochaetes
bas,Proteobacteria
she,Spirochaetes
she,Proteobacteria
gur,Spirochaetes
gur,Proteobacteria
rip,Spirochaetes
rip,Proteobacteria
vok,Spirochaetes
vok,Proteobacteria
jan,Spirochaetes
jan,Proteobacteria
avn,Spirochaetes
avn,Proteobacteria
vsa,Spirochaetes
vsa,Proteobacteria
bhy,Spirochaetes
bhy,Proteobacteria
prw,Spirochaetes
prw,Proteobacteria
pap,Spirochaetes
pap,Proteobacteria
lbi,Spirochaetes
lbi,Proteobacteria
set,Spirochaetes
set,Proteobacteria
lbj,Spirochaetes
lbj,Proteobacteria
rpa,Spirochaetes
rpa,Proteobacteria
pau,Spirochaetes
pau,Proteobacteria
pay,Spirochaetes
pay,Proteobacteria
cja,Spirochaetes
cja,Proteobacteria
cjd,Spirochaetes
cjd,Proteobacteria
hpy,Spirochaetes
hpy,Proteobacteria
rpf,Spirochaetes
rpf,Proteobacteria
pen,Spirochaetes
pen,Proteobacteria
rpk,Spirochaetes
rpk,Proteobacteria
oan,Spirochaetes
oan,Proteobacteria
vcj,Spirochaetes
vcj,Proteobacteria
nar,Spirochaetes
nar,Proteobacteria
dda,Spirochaetes
dda,Proteobacteria
bov,Spirochaetes
bov,Proteobacteria
pam,Spirochaetes
pam,Proteobacteria
cju,Spirochaetes
cju,Proteobacteria
mms,Spirochaetes
mms,Proteobacteria
plu,Spirochaetes
plu,Proteobacteria
sml,Spirochaetes
sml,Proteobacteria
ypn,Spirochaetes
ypn,Proteobacteria
lby,Spirochaetes
lby,Proteobacteria
nhl,Spirochaetes
nhl,Proteobacteria
hac,Spirochaetes
hac,Proteobacteria
ccr,Spirochaetes
ccr,Proteobacteria
etr,Spirochaetes
etr,Proteobacteria
sfr,Spirochaetes
sfr,Proteobacteria
vvm,Spirochaetes
vvm,Proteobacteria
pla,Spirochaetes
pla,Proteobacteria
ilo,Spirochaetes
ilo,Proteobacteria
mxa,Spirochaetes
mxa,Proteobacteria
eco,Spirochaetes
eco,Proteobacteria
sbc,Spirochaetes
sbc,Proteobacteria
hne,Spirochaetes
hne,Proteobacteria
bci,Spirochaetes
bci,Proteobacteria
rpr,Spirochaetes
rpr,Proteobacteria
rpt,Spirochaetes
rpt,Proteobacteria
swp,Spirochaetes
swp,Proteobacteria
bge,Spirochaetes
bge,Proteobacteria
rpx,Spirochaetes
rpx,Proteobacteria
eoh,Spirochaetes
eoh,Proteobacteria
hna,Spirochaetes
hna,Proteobacteria
bms,Spirochaetes
bms,Proteobacteria
pol,Spirochaetes
pol,Proteobacteria
lpn,Spirochaetes
lpn,Proteobacteria
vch,Spirochaetes
vch,Proteobacteria
acr,Spirochaetes
acr,Proteobacteria
mct,Spirochaetes
mct,Proteobacteria
xne,Spirochaetes
xne,Proteobacteria
pwa,Spirochaetes
pwa,Proteobacteria
pnu,Spirochaetes
pnu,Proteobacteria
ypk,Spirochaetes
ypk,Proteobacteria
vpa,Spirochaetes
vpa,Proteobacteria
wbr,Spirochaetes
wbr,Proteobacteria
rpb,Spirochaetes
rpb,Proteobacteria
mfa,Spirochaetes
mfa,Proteobacteria
atu,Spirochaetes
atu,Proteobacteria
sku,Spirochaetes
sku,Proteobacteria
hiq,Spirochaetes
hiq,Proteobacteria
mlo,Spirochaetes
mlo,Proteobacteria
bpo,Spirochaetes
bpo,Proteobacteria
aex,Spirochaetes
aex,Proteobacteria
bps,Spirochaetes
bps,Proteobacteria
hps,Spirochaetes
hps,Proteobacteria
psa,Spirochaetes
psa,Proteobacteria
psb,Spirochaetes
psb,Proteobacteria
ppu,Spirochaetes
ppu,Proteobacteria
ade,Spirochaetes
ade,Proteobacteria
adn,Spirochaetes
adn,Proteobacteria
bmc,Spirochaetes
bmc,Proteobacteria
nri,Spirochaetes
nri,Proteobacteria
sfl,Spirochaetes
sfl,Proteobacteria
bmf,Spirochaetes
bmf,Proteobacteria
rva,Spirochaetes
rva,Proteobacteria
sbo,Spirochaetes
sbo,Proteobacteria
rco,Spirochaetes
rco,Proteobacteria
eic,Spirochaetes
eic,Proteobacteria
cbg,Spirochaetes
cbg,Proteobacteria
rce,Spirochaetes
rce,Proteobacteria
vap,Spirochaetes
vap,Proteobacteria
amf,Spirochaetes
amf,Proteobacteria
tmr,Spirochaetes
tmr,Proteobacteria
aci,Spirochaetes
aci,Proteobacteria
eam,Spirochaetes
eam,Proteobacteria
bpm,Spirochaetes
bpm,Proteobacteria
bcn,Spirochaetes
bcn,Proteobacteria
hpb,Spirochaetes
hpb,Proteobacteria
xbo,Spirochaetes
xbo,Proteobacteria
smd,Spirochaetes
smd,Proteobacteria
sde,Spirochaetes
sde,Proteobacteria
bgr,Spirochaetes
bgr,Proteobacteria
son,Spirochaetes
son,Proteobacteria
nam,Spirochaetes
nam,Proteobacteria
tde,Spirochaetes
tde,Proteobacteria
hpj,Spirochaetes
hpj,Proteobacteria
dma,Spirochaetes
dma,Proteobacteria
bcj,Spirochaetes
bcj,Proteobacteria
rfe,Spirochaetes
rfe,Proteobacteria
rpd,Spirochaetes
rpd,Proteobacteria
cbc,Spirochaetes
cbc,Proteobacteria
noc,Spirochaetes
noc,Proteobacteria
hpg,Spirochaetes
hpg,Proteobacteria
eoj,Spirochaetes
eoj,Proteobacteria
tpp,Spirochaetes
tpp,Proteobacteria
cbd,Spirochaetes
cbd,Proteobacteria
xom,Spirochaetes
xom,Proteobacteria
dde,Spirochaetes
dde,Proteobacteria
hpl,Spirochaetes
hpl,Proteobacteria
bab,Spirochaetes
bab,Proteobacteria
hba,Spirochaetes
hba,Proteobacteria
bma,Spirochaetes
bma,Proteobacteria
pha,Spirochaetes
pha,Proteobacteria
cbu,Spirochaetes
cbu,Proteobacteria
eta,Spirochaetes
eta,Proteobacteria
vvu,Spirochaetes
vvu,Proteobacteria
pzu,Spirochaetes
pzu,Proteobacteria
par,Spirochaetes
par,Proteobacteria
svo,Spirochaetes
svo,Proteobacteria
nme,Spirochaetes
nme,Proteobacteria
nma,Spirochaetes
nma,Proteobacteria
wpi,Spirochaetes
wpi,Proteobacteria
nis,Spirochaetes
nis,Proteobacteria
agr,Spirochaetes
agr,Proteobacteria
ccv,Spirochaetes
ccv,Proteobacteria
dze,Spirochaetes
dze,Proteobacteria
eok,Spirochaetes
eok,Proteobacteria
acd,Spirochaetes
acd,Proteobacteria
eoi,Spirochaetes
eoi,Proteobacteria
cps,Spirochaetes
cps,Proteobacteria
bja,Spirochaetes
bja,Proteobacteria
sea,Spirochaetes
sea,Proteobacteria
amc,Spirochaetes
amc,Proteobacteria
wbm,Spirochaetes
wbm,Proteobacteria
xfa,Spirochaetes
xfa,Proteobacteria
kvu,Spirochaetes
kvu,Proteobacteria
paa,Chlorobi
cts,Chlorobi
pvi,Chlorobi
cli,Chlorobi
cpc,Chlorobi
pph,Chlorobi
plt,Chlorobi
cch,Chlorobi
cpb,Chlorobi
cte,Chlorobi
hya,Aquificae
pmx,Aquificae
sul,Aquificae
dte,Aquificae
tal,Aquificae
saf,Aquificae
tam,Aquificae
aae,Aquificae
cca,Chlamydiae
wch,Chlamydiae
cta,Chlamydiae
cpa,Chlamydiae
ctj,Chlamydiae
cpn,Chlamydiae
cmu,Chlamydiae
cpt,Chlamydiae
ctr,Chlamydiae
cfe,Chlamydiae
cpj,Chlamydiae
cab,Chlamydiae
pcu,Chlamydiae
str,Other
pbs,Other
cni,Other
emi,Other
din,Other
rsd,Other
caa,Other
tai,Other
fsu,Other
dap,Other
smf,Other
aca,Other
tsa,Other
aco,Other
nde,Other
neq,Other
aba,Other
rba,Other
amu,Other
tye,Other
min,Other
dth,Other
ddf,Other
ipo,Other
acm,Other
plm,Other
gau,Other
fnu,Other
ipa,Other
